,ID_Partida,ID_Elemento,Descripci√≥n,Unidad,Cantidad
0,OE.3.4.2.61*,0101010001,CAPATAZ,hh,0.0800
1,OE.3.4.2.61*,0101010002,OPERARIO,hh,0.8000
2,OE.3.4.2.61*,0101010004,PEON,hh,0.4000
3,OE.3.4.2.61*,0220010003,ARENA GRUESA,m3,0.0500
4,OE.3.4.2.61*,0222010001,CEMENTO PORTLAND TIPO I (BLS.:42.5 kg),bls,0.4450
5,OE.3.4.2.61*,022H100005,ADOQUIN DE CONCRETO PIEDRA 4x10.5x21 cm,m2,1.0500
6,OE.3.4.2.61*,0238270001,AGUA,m3,0.0054
7,OE.3.4.2.61*,0391010101,HERRAMIENTA MANUAL,%MO,3.0000
8,OE.3.5.1.4.01*,0101010001,CAPATAZ,hh,0.0571
9,OE.3.5.1.4.01*,0101010002,OPERARIO,hh,0.5714
10,OE.3.5.1.4.01*,0101010004,PEON,hh,0.3829
11,OE.3.5.1.4.01*,0220010001,ARENA FINA,m3,0.0210
12,OE.3.5.1.4.01*,0222010001,CEMENTO PORTLAND TIPO I (BLS.:42.5 kg),bls,0.1869
13,OE.3.5.1.4.01*,022G180002,MADERA ANDAMIAJE,p2,0.5200
14,OE.3.5.1.4.01*,022Q140005,CLAVO C/CABEZA P/CONSTRUCCION D. PROMEDIO,kg,0.0300
15,OE.3.5.1.4.01*,0238270001,AGUA,m3,0.0056
16,OE.3.5.1.4.01*,0391010101,HERRAMIENTA MANUAL,%MO,3.0000
17,OE.3.4.2.71*,0101010001,CAPATAZ,hh,0.0571
18,OE.3.4.2.71*,0101010002,OPERARIO,hh,0.5714
19,OE.3.4.2.71*,0101010003,OFICIAL,hh,0.2857
20,OE.3.4.2.71*,0101010004,PEON,hh,0.5714
21,OE.3.4.2.71*,0220010001,ARENA FINA,m3,0.0090
22,OE.3.4.2.71*,0220010003,ARENA GRUESA,m3,0.0562
23,OE.3.4.2.71*,0222010001,CEMENTO PORTLAND TIPO I (BLS.:42.5 kg),bls,0.4820
24,OE.3.4.2.71*,022G180001,REGLA DE MADERA,p2,0.4000
25,OE.3.4.2.71*,0238270001,AGUA,m3,0.0146
26,OE.3.4.2.71*,0391010101,HERRAMIENTA MANUAL,%MO,5.0000
27,OE.3.5.1.4.02*,0101010001,CAPATAZ,hh,0.0571
28,OE.3.5.1.4.02*,0101010002,OPERARIO,hh,0.5714
29,OE.3.5.1.4.02*,0101010004,PEON,hh,0.3829
30,OE.3.5.1.4.02*,0220010001,ARENA FINA,m3,0.0210
31,OE.3.5.1.4.02*,0222010001,CEMENTO PORTLAND TIPO I (BLS.:42.5 kg),bls,0.1869
32,OE.3.5.1.4.02*,0223290001,OCRE,kg,0.3972
33,OE.3.5.1.4.02*,022G180002,MADERA ANDAMIAJE,p2,0.5200
34,OE.3.5.1.4.02*,022Q140005,CLAVO C/CABEZA P/CONSTRUCCION D. PROMEDIO,kg,0.0300
35,OE.3.5.1.4.02*,0238270001,AGUA,m3,0.0056
36,OE.3.5.1.4.02*,0391010101,HERRAMIENTA MANUAL,%MO,3.0000
37,OE.3.4.2.72*,0101010001,CAPATAZ,hh,0.0571
38,OE.3.4.2.72*,0101010002,OPERARIO,hh,0.5714
39,OE.3.4.2.72*,0101010003,OFICIAL,hh,0.2857
40,OE.3.4.2.72*,0101010004,PEON,hh,0.5714
41,OE.3.4.2.72*,0220010001,ARENA FINA,m3,0.0090
42,OE.3.4.2.72*,0220010003,ARENA GRUESA,m3,0.0562
43,OE.3.4.2.72*,0222010001,CEMENTO PORTLAND TIPO I (BLS.:42.5 kg),bls,0.4820
44,OE.3.4.2.72*,0223290001,OCRE,kg,0.1606
45,OE.3.4.2.72*,022G180001,REGLA DE MADERA,p2,0.4000
46,OE.3.4.2.72*,0238270001,AGUA,m3,0.0146
47,OE.3.4.2.72*,0391010101,HERRAMIENTA MANUAL,%MO,5.0000
48,OE.3.5.1.4.03*,0101010001,CAPATAZ,hh,0.0667
49,OE.3.5.1.4.03*,0101010002,OPERARIO,hh,0.6667
50,OE.3.5.1.4.03*,0101010004,PEON,hh,0.4467
51,OE.3.5.1.4.03*,0220010001,ARENA FINA,m3,0.0210
52,OE.3.5.1.4.03*,0222010001,CEMENTO PORTLAND TIPO I (BLS.:42.5 kg),bls,0.1869
53,OE.3.5.1.4.03*,0223290001,OCRE,kg,0.3972
54,OE.3.5.1.4.03*,022G180002,MADERA ANDAMIAJE,p2,0.5200
55,OE.3.5.1.4.03*,022Q140005,CLAVO C/CABEZA P/CONSTRUCCION D. PROMEDIO,kg,0.0300
56,OE.3.5.1.4.03*,0238270001,AGUA,m3,0.0056
57,OE.3.5.1.4.03*,0391010101,HERRAMIENTA MANUAL,%MO,3.0000
58,OE.3.4.2.73*,0101010001,CAPATAZ,hh,0.0404
59,OE.3.4.2.73*,0101010002,OPERARIO,hh,0.4000
60,OE.3.4.2.73*,0101010004,PEON,hh,0.2000
61,OE.3.4.2.73*,0220010003,ARENA GRUESA,m3,0.1124
62,OE.3.4.2.73*,0222010001,CEMENTO PORTLAND TIPO I (BLS.:42.5 kg),bls,0.9640
63,OE.3.4.2.73*,022G180001,REGLA DE MADERA,p2,0.4200
64,OE.3.4.2.73*,0238270001,AGUA,m3,0.0292
65,OE.3.4.2.73*,0391010101,HERRAMIENTA MANUAL,%MO,3.0000
66,OE.3.5.1.11.01*,0101010001,CAPATAZ,hh,0.2000
67,OE.3.5.1.11.01*,0101010002,OPERARIO,hh,2.0000
68,OE.3.5.1.11.01*,0101010004,PEON,hh,0.6600
69,OE.3.5.1.11.01*,0220010003,ARENA GRUESA,m3,0.0250
70,OE.3.5.1.11.01*,0222010001,CEMENTO PORTLAND TIPO I (BLS.:42.5 kg),bls,0.1500
71,OE.3.5.1.11.01*,025S030003,FRAGUA BLANCA,kg,0.2000
72,OE.3.5.1.11.01*,025T090001,CERAM.PARED 20X20 cm,m2,1.0500
73,OE.3.5.1.11.01*,0391010101,HERRAMIENTA MANUAL,%MO,5.0000
74,OE.3.4.2.81*,0101010001,CAPATAZ,hh,0.1000
75,OE.3.4.2.81*,0101010002,OPERARIO,hh,1.0000
76,OE.3.4.2.81*,0101010004,PEON,hh,0.5000
77,OE.3.4.2.81*,020E140001,BREA,kg,0.0286
78,OE.3.4.2.81*,022U220001,CERA LIQUIDA,gal,0.0200
79,OE.3.4.2.81*,025T290009,PARQUET PUMAQUIRO 10mm 6X30 cm,m2,1.0500
80,OE.3.4.2.81*,0302140002,CEPILLADORA ELECTRICA,hm,0.1000
81,OE.3.4.2.81*,0391010101,HERRAMIENTA MANUAL,%MO,5.0000
82,OE.3.4.2.82*,0101010001,CAPATAZ,hh,0.0571
83,OE.3.4.2.82*,0101010002,OPERARIO,hh,0.5714
84,OE.3.4.2.82*,0101010004,PEON,hh,0.2857
85,OE.3.4.2.82*,020E140001,BREA,kg,0.0286
86,OE.3.4.2.82*,022U220001,CERA LIQUIDA,gal,0.0200
87,OE.3.4.2.82*,025T210024,PARQUET CORI CASPI VETEADO 10mm 6X30 cm,m2,1.0500
88,OE.3.4.2.82*,0302140002,CEPILLADORA ELECTRICA,hm,0.0571
89,OE.3.4.2.82*,0391010101,HERRAMIENTA MANUAL,%MO,5.0000
90,OE.3.5.2.3.04*,0101010001,CAPATAZ,hh,0.0400
91,OE.3.5.2.3.04*,0101010002,OPERARIO,hh,0.3636
92,OE.3.5.2.3.04*,0101010004,PEON,hh,0.1211
93,OE.3.5.2.3.04*,0220010001,ARENA FINA,m3,0.0032
94,OE.3.5.2.3.04*,0222010001,CEMENTO PORTLAND TIPO I (BLS.:42.5 kg),bls,0.0222
95,OE.3.5.2.3.04*,0238270001,AGUA,m3,0.0008
96,OE.3.5.2.3.04*,0391010101,HERRAMIENTA MANUAL,%MO,5.0000
97,OE.3.5.2.3.05*,0101010001,CAPATAZ,hh,0.0432
98,OE.3.5.2.3.05*,0101010002,OPERARIO,hh,0.4324
99,OE.3.5.2.3.05*,0101010004,PEON,hh,0.1440
100,OE.3.5.2.3.05*,0220010003,ARENA GRUESA,m3,0.0053
101,OE.3.5.2.3.05*,0222010001,CEMENTO PORTLAND TIPO I (BLS.:42.5 kg),bls,0.0370
102,OE.3.5.2.3.05*,0238270001,AGUA,m3,0.0013
103,OE.3.5.2.3.05*,0391010101,HERRAMIENTA MANUAL,%MO,3.0000
104,OE.3.5.2.3.51*,0101010001,CAPATAZ,hh,0.0333
105,OE.3.5.2.3.51*,0101010002,OPERARIO,hh,0.3333
106,OE.3.5.2.3.51*,0101010004,PEON,hh,0.1100
107,OE.3.5.2.3.51*,0220010001,ARENA FINA,m3,0.0022
108,OE.3.5.2.3.51*,0222010001,CEMENTO PORTLAND TIPO I (BLS.:42.5 kg),bls,0.0155
109,OE.3.5.2.3.51*,0223290001,OCRE,kg,0.0329
110,OE.3.5.2.3.51*,0238270001,AGUA,m3,0.0006
111,OE.3.5.2.3.51*,0391010101,HERRAMIENTA MANUAL,%MO,3.0000
112,OE.3.5.2.3.52*,0101010001,CAPATAZ,hh,0.0400
113,OE.3.5.2.3.52*,0101010002,OPERARIO,hh,0.4000
114,OE.3.5.2.3.52*,0101010004,PEON,hh,0.1332
115,OE.3.5.2.3.52*,0220010001,ARENA FINA,m3,0.0044
116,OE.3.5.2.3.52*,0222010001,CEMENTO PORTLAND TIPO I (BLS.:42.5 kg),bls,0.0311
117,OE.3.5.2.3.52*,0223290001,OCRE,kg,0.0661
118,OE.3.5.2.3.52*,0238270001,AGUA,m3,0.0011
119,OE.3.5.2.3.52*,0391010101,HERRAMIENTA MANUAL,%MO,3.0000
120,OE.3.5.2.3.53*,0101010001,CAPATAZ,hh,0.0471
121,OE.3.5.2.3.53*,0101010002,OPERARIO,hh,0.4706
122,OE.3.5.2.3.53*,0101010004,PEON,hh,0.1567
123,OE.3.5.2.3.53*,0220010001,ARENA FINA,m3,0.0066
124,OE.3.5.2.3.53*,0222010001,CEMENTO PORTLAND TIPO I (BLS.:42.5 kg),bls,0.0466
125,OE.3.5.2.3.53*,0223290001,OCRE,kg,0.0990
126,OE.3.5.2.3.53*,0238270001,AGUA,m3,0.0017
127,OE.3.5.2.3.53*,0391010101,HERRAMIENTA MANUAL,%MO,3.0000
128,OE.3.6.2.11*,0101010001,CAPATAZ,hh,0.0400
129,OE.3.6.2.11*,0101010002,OPERARIO,hh,0.4000
130,OE.3.6.2.11*,0101010004,PEON,hh,0.8000
131,OE.3.6.2.11*,0220010001,ARENA FINA,m3,0.0048
132,OE.3.6.2.11*,0220010008,TIERRA DE CHACRA,m3,0.0420
133,OE.3.6.2.11*,0222010001,CEMENTO PORTLAND TIPO I (BLS.:42.5 kg),bls,0.1000
134,OE.3.6.2.11*,022G180001,REGLA DE MADERA,p2,0.0070
135,OE.3.6.2.11*,022L100002,LADRILLO ARCILLA PASTELERO A MAQUINA 3x25x25 cm,mll,0.0170
136,OE.3.6.2.11*,0238270001,AGUA,m3,0.0020
137,OE.3.6.2.11*,0391010101,HERRAMIENTA MANUAL,%MO,3.0000
138,OE.3.5.2.3.54*,0101010001,CAPATAZ,hh,0.0400
139,OE.3.5.2.3.54*,0101010002,OPERARIO,hh,0.3636
140,OE.3.5.2.3.54*,0101010004,PEON,hh,0.1211
141,OE.3.5.2.3.54*,0220010001,ARENA FINA,m3,0.0032
142,OE.3.5.2.3.54*,0222010001,CEMENTO PORTLAND TIPO I (BLS.:42.5 kg),bls,0.0222
143,OE.3.5.2.3.54*,0223290001,OCRE,kg,0.0472
144,OE.3.5.2.3.54*,0238270001,AGUA,m3,0.0008
145,OE.3.5.2.3.54*,0391010101,HERRAMIENTA MANUAL,%MO,3.0000
146,OE.3.6.3.11*,0101010001,CAPATAZ,hh,0.0400
147,OE.3.6.3.11*,0101010002,OPERARIO,hh,0.4000
148,OE.3.6.3.11*,0101010004,PEON,hh,0.8000
149,OE.3.6.3.11*,0220010001,ARENA FINA,m3,0.0327
150,OE.3.6.3.11*,0222010001,CEMENTO PORTLAND TIPO I (BLS.:42.5 kg),bls,0.2301
151,OE.3.6.3.11*,022G180001,REGLA DE MADERA,p2,0.0070
152,OE.3.6.3.11*,022L100002,LADRILLO ARCILLA PASTELERO A MAQUINA 3x25x25 cm,mll,0.0170
153,OE.3.6.3.11*,0238270001,AGUA,m3,0.0084
154,OE.3.6.3.11*,0391010101,HERRAMIENTA MANUAL,%MO,3.0000
155,OE.3.5.2.3.55*,0101010001,CAPATAZ,hh,0.0432
156,OE.3.5.2.3.55*,0101010002,OPERARIO,hh,0.4324
157,OE.3.5.2.3.55*,0101010004,PEON,hh,0.1440
158,OE.3.5.2.3.55*,0220010003,ARENA GRUESA,m3,0.0053
159,OE.3.5.2.3.55*,0222010001,CEMENTO PORTLAND TIPO I (BLS.:42.5 kg),bls,0.0370
160,OE.3.5.2.3.55*,0223290001,OCRE,kg,0.0786
161,OE.3.5.2.3.55*,0238270001,AGUA,m3,0.0013
162,OE.3.5.2.3.55*,0391010101,HERRAMIENTA MANUAL,%MO,3.0000
163,OE.3.6.9.10*,0101010001,CAPATAZ,hh,0.0400
164,OE.3.6.9.10*,0101010002,OPERARIO,hh,0.4000
165,OE.3.6.9.10*,0101010004,PEON,hh,0.4000
166,OE.3.6.9.10*,022Q150007,"CLAVO C/CABEZA P/MADERA 1""X15",kg,0.0104
167,OE.3.6.9.10*,022Q150022,"CLAVO C/CABEZA P/MADERA 4""X8",kg,0.1037
168,OE.3.6.9.10*,022Q250004,"GRAPA 3/4"" (Bls 500gr)",bls,0.0729
169,OE.3.6.9.10*,022U140026,CINTA MALLA FIBRA DE VIDRIO (90ml),und,0.0047
170,OE.3.6.9.10*,023I260006,"MALLA CUADRADA 1/2""",m2,0.2667
171,OE.3.6.9.10*,024K410002,"PANEL TECNOMIX 3"" 2.40 x 1.20m",pza,0.3472
172,OE.3.6.9.10*,025R010011,PASTA PARA JUNTA (Bolsa de 20kg),pza,0.0250
173,OE.3.6.9.10*,0391010101,HERRAMIENTA MANUAL,%MO,5.0000
174,OE.3.6.9.11*,0101010001,CAPATAZ,hh,0.0400
175,OE.3.6.9.11*,0101010002,OPERARIO,hh,0.4000
176,OE.3.6.9.11*,0101010004,PEON,hh,0.4000
177,OE.3.6.9.11*,022Q150007,"CLAVO C/CABEZA P/MADERA 1""X15",kg,0.0104
178,OE.3.6.9.11*,022Q150022,"CLAVO C/CABEZA P/MADERA 4""X8",kg,0.1037
179,OE.3.6.9.11*,022Q250004,"GRAPA 3/4"" (Bls 500gr)",bls,0.0729
180,OE.3.6.9.11*,022U140026,CINTA MALLA FIBRA DE VIDRIO (90ml),und,0.0047
181,OE.3.6.9.11*,023I260006,"MALLA CUADRADA 1/2""",m2,0.2667
182,OE.3.6.9.11*,024K410001,"PANEL TECNOMIX 2"" 2.40 x 1.20m",pza,0.3472
183,OE.3.6.9.11*,025R010011,PASTA PARA JUNTA (Bolsa de 20kg),pza,0.0250
184,OE.3.6.9.11*,0391010101,HERRAMIENTA MANUAL,%MO,5.0000
185,OE.3.7.1.12*,0101010001,CAPATAZ,hh,0.6667
186,OE.3.7.1.12*,0101010002,OPERARIO,hh,2.6667
187,OE.3.7.1.12*,0101010003,OFICIAL,hh,2.6667
188,OE.3.7.1.12*,022G010002,MADERA CEDRO,p2,8.0000
189,OE.3.7.1.12*,022G060005,TRIPLAY LUPUNA 4x8x6mm,pza,1.0000
190,OE.3.7.1.12*,022Q140005,CLAVO C/CABEZA P/CONSTRUCCION D. PROMEDIO,kg,0.0520
191,OE.3.7.1.12*,022U210001,COLA SINTETICA,gal,0.0800
192,OE.3.7.1.12*,026A230001,LIJA P/MADERA,hja,1.0000
193,OE.3.7.1.12*,0302140001,CEPILLADORA,hm,1.3333
194,OE.3.7.1.12*,0302670051,SIERRA CIRCULAR,hm,1.3333
195,OE.3.7.1.12*,0391010101,HERRAMIENTA MANUAL,%MO,3.0000
196,OE.3.6.9.12*,0101010001,CAPATAZ,hh,0.0400
197,OE.3.6.9.12*,0101010002,OPERARIO,hh,0.4000
198,OE.3.6.9.12*,0101010004,PEON,hh,0.4000
199,OE.3.6.9.12*,022Q150007,"CLAVO C/CABEZA P/MADERA 1""X15",kg,0.0104
200,OE.3.6.9.12*,022Q150022,"CLAVO C/CABEZA P/MADERA 4""X8",kg,0.1037
201,OE.3.6.9.12*,022Q250004,"GRAPA 3/4"" (Bls 500gr)",bls,0.0729
202,OE.3.6.9.12*,023I260006,"MALLA CUADRADA 1/2""",m2,0.2667
203,OE.3.6.9.12*,025C010002,"PANEL TECNOBLOCK 3"" x 2.40m x 1.20m",pza,0.3472
204,OE.3.6.9.12*,0391010101,HERRAMIENTA MANUAL,%MO,5.0000
205,OE.3.7.1.13*,0101010001,CAPATAZ,hh,0.6667
206,OE.3.7.1.13*,0101010002,OPERARIO,hh,2.6667
207,OE.3.7.1.13*,0101010003,OFICIAL,hh,2.6667
208,OE.3.7.1.13*,022G010002,MADERA CEDRO,p2,10.2900
209,OE.3.7.1.13*,022G060004,TRIPLAY LUPUNA 4x8x4mm,pza,1.0000
210,OE.3.7.1.13*,022Q140005,CLAVO C/CABEZA P/CONSTRUCCION D. PROMEDIO,kg,0.0669
211,OE.3.7.1.13*,022U210001,COLA SINTETICA,gal,0.1028
212,OE.3.7.1.13*,026A230001,LIJA P/MADERA,hja,1.1000
213,OE.3.7.1.13*,0302140002,CEPILLADORA ELECTRICA,hm,0.5333
214,OE.3.7.1.13*,0302670051,SIERRA CIRCULAR,hm,0.5333
215,OE.3.7.1.13*,0391010101,HERRAMIENTA MANUAL,%MO,3.0000
216,OE.3.6.9.13*,0101010001,CAPATAZ,hh,0.0400
217,OE.3.6.9.13*,0101010002,OPERARIO,hh,0.4000
218,OE.3.6.9.13*,0101010004,PEON,hh,0.4000
219,OE.3.6.9.13*,022Q150007,"CLAVO C/CABEZA P/MADERA 1""X15",kg,0.0104
220,OE.3.6.9.13*,022Q150022,"CLAVO C/CABEZA P/MADERA 4""X8",kg,0.1037
221,OE.3.6.9.13*,022Q250004,"GRAPA 3/4"" (Bls 500gr)",bls,0.0729
222,OE.3.6.9.13*,023I260006,"MALLA CUADRADA 1/2""",m2,0.2667
223,OE.3.6.9.13*,025C010001,"PANEL TECNOBLOCK 2"" x 2.40m x 1.20m",pza,0.3472
224,OE.3.6.9.13*,0391010101,HERRAMIENTA MANUAL,%MO,5.0000
225,OE.3.7.1.14*,0101010001,CAPATAZ,hh,0.6667
226,OE.3.7.1.14*,0101010002,OPERARIO,hh,2.6667
227,OE.3.7.1.14*,0101010003,OFICIAL,hh,2.6667
228,OE.3.7.1.14*,022G010002,MADERA CEDRO,p2,10.2900
229,OE.3.7.1.14*,022G060005,TRIPLAY LUPUNA 4x8x6mm,pza,1.0000
230,OE.3.7.1.14*,022Q140005,CLAVO C/CABEZA P/CONSTRUCCION D. PROMEDIO,kg,0.0669
231,OE.3.7.1.14*,022U210001,COLA SINTETICA,gal,0.1028
232,OE.3.7.1.14*,026A230001,LIJA P/MADERA,hja,1.1000
233,OE.3.7.1.14*,0302140002,CEPILLADORA ELECTRICA,hm,0.5333
234,OE.3.7.1.14*,0302670051,SIERRA CIRCULAR,hm,0.5333
235,OE.3.7.1.14*,0391010101,HERRAMIENTA MANUAL,%MO,3.0000
236,OE.3.6.9.14*,0101010001,CAPATAZ,hh,0.0400
237,OE.3.6.9.14*,0101010002,OPERARIO,hh,0.4000
238,OE.3.6.9.14*,0101010004,PEON,hh,0.8000
239,OE.3.6.9.14*,0220010001,ARENA FINA,m3,0.0299
240,OE.3.6.9.14*,0222010001,CEMENTO PORTLAND TIPO I (BLS.:42.5 kg),bls,0.3483
241,OE.3.6.9.14*,022G180001,REGLA DE MADERA,p2,0.0070
242,OE.3.6.9.14*,0238270001,AGUA,m3,0.0084
243,OE.3.6.9.14*,024B010001,TEJA PIZARRA 4 mm 0.20 x 0.40 m (1 m2 = 28 pza),m2,1.4400
244,OE.3.6.9.14*,0391010101,HERRAMIENTA MANUAL,%MO,3.0000
245,OE.3.7.1.21*,0101010001,CAPATAZ,hh,0.4000
246,OE.3.7.1.21*,0101010002,OPERARIO,hh,4.0000
247,OE.3.7.1.21*,0101010003,OFICIAL,hh,4.0000
248,OE.3.7.1.21*,022G010002,MADERA CEDRO,p2,17.0000
249,OE.3.7.1.21*,022Q140005,CLAVO C/CABEZA P/CONSTRUCCION D. PROMEDIO,kg,0.0750
250,OE.3.7.1.21*,022U210001,COLA SINTETICA,gal,0.1200
251,OE.3.7.1.21*,026A230001,LIJA P/MADERA,hja,1.1000
252,OE.3.7.1.21*,0302140001,CEPILLADORA,hm,0.8000
253,OE.3.7.1.21*,0302670051,SIERRA CIRCULAR,hm,0.8000
254,OE.3.7.1.21*,0391010101,HERRAMIENTA MANUAL,%MO,5.0000
255,OE.3.7.1.31*,0101010001,CAPATAZ,hh,0.8000
256,OE.3.7.1.31*,0101010002,OPERARIO,hh,4.0000
257,OE.3.7.1.31*,0101010003,OFICIAL,hh,2.0000
258,OE.3.7.1.31*,022G010002,MADERA CEDRO,p2,25.4000
259,OE.3.7.1.31*,022Q140005,CLAVO C/CABEZA P/CONSTRUCCION D. PROMEDIO,kg,0.0750
260,OE.3.7.1.31*,022U210001,COLA SINTETICA,gal,0.1200
261,OE.3.7.1.31*,026A230001,LIJA P/MADERA,hja,1.1000
262,OE.3.7.1.31*,0302140002,CEPILLADORA ELECTRICA,hm,0.8000
263,OE.3.7.1.31*,0302670051,SIERRA CIRCULAR,hm,0.8000
264,OE.3.7.1.31*,0391010101,HERRAMIENTA MANUAL,%MO,3.0000
265,OE.3.7.1.41*,0101010001,CAPATAZ,hh,0.0229
266,OE.3.7.1.41*,0101010002,OPERARIO,hh,0.2286
267,OE.3.7.1.41*,0101010004,PEON,hh,0.1143
268,OE.3.7.1.41*,022G010002,MADERA CEDRO,p2,1.3613
269,OE.3.7.1.41*,022Q370055,"TORNILLO ACERO SAE 1020 2.1/2""X3/4""1.2",cto,0.0115
270,OE.3.7.1.41*,022U210001,COLA SINTETICA,gal,0.0125
271,OE.3.7.1.41*,0302560001,TALADRO,hm,0.0686
272,OE.3.7.1.41*,0391010101,HERRAMIENTA MANUAL,%MO,3.0000
273,OE.3.7.1.41*,0480050601,REBAJO  PARA MARCO DE PUERTAS,m,1.0000
274,OE.3.7.1.43*,0101010001,CAPATAZ,hh,0.0267
275,OE.3.7.1.43*,0101010002,OPERARIO,hh,0.2667
276,OE.3.7.1.43*,0101010004,PEON,hh,0.1333
277,OE.3.7.1.43*,022G010002,MADERA CEDRO,p2,2.7225
278,OE.3.7.1.43*,022Q370055,"TORNILLO ACERO SAE 1020 2.1/2""X3/4""1.2",cto,0.0115
279,OE.3.7.1.43*,022U210001,COLA SINTETICA,gal,0.0140
280,OE.3.7.1.43*,0302560001,TALADRO,hm,0.0800
281,OE.3.7.1.43*,0391010101,HERRAMIENTA MANUAL,%MO,3.0000
282,OE.3.7.1.43*,0480050601,REBAJO  PARA MARCO DE PUERTAS,m,1.0000
283,OE.3.7.1.44*,0101010001,CAPATAZ,hh,0.0267
284,OE.3.7.1.44*,0101010002,OPERARIO,hh,0.2667
285,OE.3.7.1.44*,0101010004,PEON,hh,0.1333
286,OE.3.7.1.44*,022G010002,MADERA CEDRO,p2,3.6300
287,OE.3.7.1.44*,022Q370055,"TORNILLO ACERO SAE 1020 2.1/2""X3/4""1.2",cto,0.0230
288,OE.3.7.1.44*,022U210001,COLA SINTETICA,gal,0.0140
289,OE.3.7.1.44*,0302560001,TALADRO,hm,0.0800
290,OE.3.7.1.44*,0391010101,HERRAMIENTA MANUAL,%MO,3.0000
291,OE.3.7.1.44*,0480050601,REBAJO  PARA MARCO DE PUERTAS,m,1.0000
292,OE.3.7.1.45*,0101010001,CAPATAZ,hh,0.0229
293,OE.3.7.1.45*,0101010002,OPERARIO,hh,0.2286
294,OE.3.7.1.45*,0101010004,PEON,hh,0.1143
295,OE.3.7.1.45*,022G010002,MADERA CEDRO,p2,2.4200
296,OE.3.7.1.45*,022Q370055,"TORNILLO ACERO SAE 1020 2.1/2""X3/4""1.2",cto,0.0115
297,OE.3.7.1.45*,022U210001,COLA SINTETICA,gal,0.0125
298,OE.3.7.1.45*,0302560001,TALADRO,hm,0.0686
299,OE.3.7.1.45*,0391010101,HERRAMIENTA MANUAL,%MO,3.0000
300,OE.3.7.1.45*,0480050601,REBAJO  PARA MARCO DE PUERTAS,m,1.0000
301,OE.3.7.11.14*,0101010001,CAPATAZ,hh,0.1333
302,OE.3.7.11.14*,0101010002,OPERARIO,hh,1.3333
303,OE.3.7.11.14*,0101010004,PEON,hh,0.6667
304,OE.3.7.11.14*,022G010001,MADERA CAOBA,p2,2.3100
305,OE.3.7.11.14*,022Q140005,CLAVO C/CABEZA P/CONSTRUCCION D. PROMEDIO,kg,0.0400
306,OE.3.7.11.14*,022U210001,COLA SINTETICA,gal,0.1100
307,OE.3.7.11.14*,0391010101,HERRAMIENTA MANUAL,%MO,3.0000
308,OE.3.7.1.46*,0101010001,CAPATAZ,hh,0.0267
309,OE.3.7.1.46*,0101010002,OPERARIO,hh,0.2667
310,OE.3.7.1.46*,0101010004,PEON,hh,0.1333
311,OE.3.7.1.46*,022G010002,MADERA CEDRO,p2,3.6300
312,OE.3.7.1.46*,022Q370055,"TORNILLO ACERO SAE 1020 2.1/2""X3/4""1.2",cto,0.0115
313,OE.3.7.1.46*,022U210001,COLA SINTETICA,gal,0.0140
314,OE.3.7.1.46*,0302560001,TALADRO,hm,0.0800
315,OE.3.7.1.46*,0391010101,HERRAMIENTA MANUAL,%MO,3.0000
316,OE.3.7.1.46*,0480050601,REBAJO  PARA MARCO DE PUERTAS,m,1.0000
317,OE.3.7.1.47*,0101010001,CAPATAZ,hh,0.0267
318,OE.3.7.1.47*,0101010002,OPERARIO,hh,0.2667
319,OE.3.7.1.47*,0101010004,PEON,hh,0.1333
320,OE.3.7.1.47*,022G010002,MADERA CEDRO,p2,4.8400
321,OE.3.7.1.47*,022Q370055,"TORNILLO ACERO SAE 1020 2.1/2""X3/4""1.2",cto,0.0230
322,OE.3.7.1.47*,022U210001,COLA SINTETICA,gal,0.0150
323,OE.3.7.1.47*,0302560001,TALADRO,hm,0.0800
324,OE.3.7.1.47*,0391010101,HERRAMIENTA MANUAL,%MO,3.0000
325,OE.3.7.1.47*,0480050601,REBAJO  PARA MARCO DE PUERTAS,m,1.0000
326,OE.3.8.1.11*,0101010002,OPERARIO,hh,5.3333
327,OE.3.8.1.11*,0101010004,PEON,hh,5.3333
328,OE.3.8.1.11*,0228010004,"ANGULO ACERO NEGRO IGUAL       1"" x       1"" x   1/4"" x 6m",pza,1.6500
329,OE.3.8.1.11*,0228030003,"BARRA  ACERO NEGRO CUADRADA LISO 5/8""",m,7.9800
330,OE.3.8.1.11*,022Q450002,"SOLDADURA CELLOCORD P 1/8""      E6010",kg,0.2059
331,OE.3.8.1.11*,0301150001,EQUIPO DE SOLDAR,hm,5.3333
332,OE.3.8.1.11*,0391010101,HERRAMIENTA MANUAL,%MO,5.0000
333,OE.3.7.2.11*,0101010001,CAPATAZ,hh,0.2000
334,OE.3.7.2.11*,0101010002,OPERARIO,hh,2.0000
335,OE.3.7.2.11*,0101010003,OFICIAL,hh,1.0000
336,OE.3.7.2.11*,022G010002,MADERA CEDRO,p2,8.5000
337,OE.3.7.2.11*,022Q140005,CLAVO C/CABEZA P/CONSTRUCCION D. PROMEDIO,kg,0.0520
338,OE.3.7.2.11*,022U210001,COLA SINTETICA,gal,0.1200
339,OE.3.7.2.11*,026A230001,LIJA P/MADERA,hja,0.6000
340,OE.3.7.2.11*,0302140001,CEPILLADORA,hm,0.1000
341,OE.3.7.2.11*,0302670051,SIERRA CIRCULAR,hm,0.2000
342,OE.3.7.2.11*,0391010101,HERRAMIENTA MANUAL,%MO,5.0000
343,OE.3.8.2.11*,0101010002,OPERARIO,hh,4.0000
344,OE.3.8.2.11*,0101010004,PEON,hh,4.0000
345,OE.3.8.2.11*,0228030003,"BARRA  ACERO NEGRO CUADRADA LISO 5/8""",m,5.8182
346,OE.3.8.2.11*,022C020010,PLANCHA ACERO NEGRO LAF 0.90 x 1200 x 2400 mm,pza,0.0631
347,OE.3.8.2.11*,022Q450002,"SOLDADURA CELLOCORD P 1/8""      E6010",kg,0.0824
348,OE.3.8.2.11*,02JP080002,"TUBO ACERO NEGRO ELECTROS. RECTANG. 2"" x 1"" x 1.5 mm x 6 m pza",,2.1636
349,OE.3.8.2.11*,0301150001,EQUIPO DE SOLDAR,hm,4.0000
350,OE.3.8.2.11*,0391010101,HERRAMIENTA MANUAL,%MO,5.0000
351,OE.3.7.2.12*,0101010001,CAPATAZ,hh,0.4000
352,OE.3.7.2.12*,0101010002,OPERARIO,hh,4.0000
353,OE.3.7.2.12*,0101010003,OFICIAL,hh,4.0000
354,OE.3.7.2.12*,022G010002,MADERA CEDRO,p2,29.3400
355,OE.3.7.2.12*,022Q140005,CLAVO C/CABEZA P/CONSTRUCCION D. PROMEDIO,kg,0.2000
356,OE.3.7.2.12*,022U210001,COLA SINTETICA,gal,0.5000
357,OE.3.7.2.12*,026A230001,LIJA P/MADERA,hja,2.0000
358,OE.3.7.2.12*,0302140002,CEPILLADORA ELECTRICA,hm,0.8000
359,OE.3.7.2.12*,0302670051,SIERRA CIRCULAR,hm,0.8000
360,OE.3.7.2.12*,0391010101,HERRAMIENTA MANUAL,%MO,3.0000
